{"cameraMode":{"drawMode":0,"name":"Shaded","section":"Shading Mode"},"sceneLighting":true,"audioPlay":false,"sceneViewState":{"showFog":true,"showMaterialUpdate":false,"showSkybox":true,"showFlares":true,"showImageEffects":true,"showParticleSystems":true},"in2DMode":false,"pivot":{"x":-10.835980415344239,"y":-6.694248199462891,"z":3.690713405609131},"rotation":{"x":0.3847295641899109,"y":-0.5080170035362244,"z":0.27090469002723696,"w":0.7214704751968384},"size":37.960960388183597,"orthographic":false}