{"cameraMode":{"drawMode":0,"name":"Shaded","section":"Shading Mode"},"sceneLighting":true,"audioPlay":false,"sceneViewState":{"showFog":true,"showMaterialUpdate":false,"showSkybox":true,"showFlares":true,"showImageEffects":true,"showParticleSystems":true},"in2DMode":false,"pivot":{"x":0.0605015754699707,"y":0.009999990463256836,"z":-12.40896987915039},"rotation":{"x":0.30666378140449526,"y":-0.6695829033851624,"z":0.3575780987739563,"w":0.5742440819740295},"size":24.34709358215332,"orthographic":false}