{"cameraMode":{"drawMode":0,"name":"Shaded","section":"Shading Mode"},"sceneLighting":false,"audioPlay":false,"sceneViewState":{"showFog":true,"showMaterialUpdate":false,"showSkybox":false,"showFlares":true,"showImageEffects":true,"showParticleSystems":true},"in2DMode":false,"pivot":{"x":-9.251081466674805,"y":-1.0767161846160889,"z":-2.237673044204712},"rotation":{"x":0.2920737564563751,"y":-0.6435084939002991,"z":0.29154902696609499,"w":0.644664466381073},"size":3.311854362487793,"orthographic":false}