{"cameraMode":{"drawMode":0,"name":"Shaded","section":"Shading Mode"},"sceneLighting":false,"audioPlay":false,"sceneViewState":{"showFog":true,"showMaterialUpdate":false,"showSkybox":false,"showFlares":true,"showImageEffects":true,"showParticleSystems":true},"in2DMode":false,"pivot":{"x":-9.015998840332032,"y":-1.5605379343032838,"z":-6.194999694824219},"rotation":{"x":0.2920737564563751,"y":-0.6435084939002991,"z":0.29154902696609499,"w":0.644664466381073},"size":4.441334247589111,"orthographic":false}