{"cameraMode":{"drawMode":0,"name":"Shaded","section":"Shading Mode"},"sceneLighting":true,"audioPlay":false,"sceneViewState":{"showFog":true,"showMaterialUpdate":false,"showSkybox":true,"showFlares":true,"showImageEffects":true,"showParticleSystems":true},"in2DMode":false,"pivot":{"x":-8.353326797485352,"y":1.2865266799926758,"z":-2.2408292293548586},"rotation":{"x":0.3267723619937897,"y":-0.6371626853942871,"z":0.342229962348938,"w":0.6083827614784241},"size":10.883155822753907,"orthographic":false}